Date,Members
2025-04-01,6886
2025-04-02,6880
2025-04-03,6872
2025-04-04,6867
2025-04-05,6864
2025-04-06,6861
2025-04-07,6861
2025-04-08,6859
2025-04-09,6855
2025-04-10,6855
2025-04-11,6856
2025-04-12,6861
2025-04-13,6860
2025-04-14,6853
2025-04-15,6861
2025-04-16,6920
2025-04-17,6916
2025-04-18,6902
2025-04-19,6916
2025-04-20,7026
2025-04-21,7049
2025-04-22,7072
2025-04-23,7152
2025-04-24,10124
2025-04-25,54117
2025-04-26,56282
2025-04-27,57059
2025-04-28,60305
2025-04-29,70411
2025-04-30,76619
2025-05-01,79047
2025-05-02,80571
2025-05-03,82454
2025-05-04,84263
2025-05-05,87197
2025-05-06,90134
2025-05-07,91897
2025-05-08,92696
2025-05-09,93411
2025-05-10,93890
2025-05-11,94261
2025-05-12,94769
2025-05-13,95060
2025-05-14,95615
2025-05-15,96161
2025-05-16,96371
2025-05-17,96814
2025-05-18,97131
2025-05-19,97595
2025-05-20,97933
2025-05-21,99140
2025-05-22,99179
2025-05-23,99344
2025-05-24,99665
2025-05-25,99936
2025-05-26,100108
2025-05-27,100306 